-- Inserindo dados na tabela Alunos
INSERT INTO Alunos (MAT, nome, `endereço`, cidade) VALUES
(2015010101, 'JOSE DE ALENCAR', 'RUA DAS ALMAS', 'NATAL'),
(2015010102, 'JOÃO JOSÉ', 'AVENIDA RUY CARNEIRO', 'JOÃO PESSOA'),
(2015010103, 'MARIA JOAQUINA', 'RUA CARROSSEL', 'RECIFE'),
(2015010104, 'MARIA DAS DORES', 'RUA DAS LADEIRAS', 'FORTALEZA'),
(2015010105, 'JOSUÉ CLAUDINO DOS SANTOS', 'CENTRO', 'NATAL'),
(2015010106, 'JOSUÉLISSON CLAUDINO DOS SANTOS', 'CENTRO', 'NATAL');

-- Inserindo dados na tabela Disciplinas
INSERT INTO Disciplinas (COD_DISC, nome_disc, carga_hor) VALUES
('BD', 'BANCO DE DADOS', 100),
('POO', 'PROGRAMAÇÃO COM ACESSO A BANCO DE DADOS', 100),
('WEB', 'AUTORIA WEB', 50),
('ENG', 'ENGENHARIA DE SOFTWARE', 80);

-- Inserindo dados na tabela Professores
INSERT INTO Professores (COD_PROF, nome, `endereço`, cidade) VALUES
(212131, 'NICKERSON FERREIRA', 'RUA MANAÍRA', 'JOÃO PESSOA'),
(122135, 'ADORILSON BEZERRA', 'AVENIDA SALGADO FILHO', 'NATAL'),
(192011, 'DIEGO OLIVEIRA', 'AVENIDA ROBERTO FREIRE', 'NATAL');

-- Inserindo dados na tabela Turma
INSERT INTO Turma (COD_DISC, COD_TURMA, COD_PROF, ANO, `horário`) VALUES
('BD', 1, 212131, 2015, '11H-12H'),
('BD', 2, 212131, 2015, '13H-14H'),
('POO', 1, 192011, 2015, '08H-09H'),
('WEB', 1, 192011, 2015, '07H-08H'),
('ENG', 1, 122135, 2015, '10H-11H');

-- Inserindo dados na tabela Historico
-- OBS: Foram criados registros para cada aluno em todas as turmas, com notas e frequências de exemplo.
INSERT INTO Historico (MAT, COD_DISC, COD_TURMA, COD_PROF, ANO, frequencia, nota) VALUES
-- Aluno 2015010101
(2015010101, 'BD', 1, 212131, 2015, 85.00, 7.5),
(2015010101, 'BD', 2, 212131, 2015, 90.00, 8.0),
(2015010101, 'POO', 1, 192011, 2015, 95.00, 9.5),
(2015010101, 'WEB', 1, 192011, 2015, 100.00, 10.0),
(2015010101, 'ENG', 1, 122135, 2015, 80.00, 6.5),

(2015010102, 'BD', 1, 212131, 2015, 80.00, 7.0),
(2015010102, 'BD', 2, 212131, 2015, 85.00, 7.5),
(2015010102, 'POO', 1, 192011, 2015, 90.00, 9.0),
(2015010102, 'WEB', 1, 192011, 2015, 95.00, 9.5),
(2015010102, 'ENG', 1, 122135, 2015, 75.00, 6.0),

(2015010103, 'BD', 1, 212131, 2015, 90.00, 9.0),
(2015010103, 'BD', 2, 212131, 2015, 92.00, 9.5),
(2015010103, 'POO', 1, 192011, 2015, 88.00, 8.5),
(2015010103, 'WEB', 1, 192011, 2015, 100.00, 10.0),
(2015010103, 'ENG', 1, 122135, 2015, 85.00, 8.0),

(2015010104, 'BD', 1, 212131, 2015, 75.00, 5.0),
(2015010104, 'BD', 2, 212131, 2015, 80.00, 6.0),
(2015010104, 'POO', 1, 192011, 2015, 85.00, 7.0),
(2015010104, 'WEB', 1, 192011, 2015, 90.00, 8.0),
(2015010104, 'ENG', 1, 122135, 2015, 95.00, 9.0),

(2015010105, 'BD', 1, 212131, 2015, 98.00, 9.5),
(2015010105, 'BD', 2, 212131, 2015, 99.00, 9.8),
(2015010105, 'POO', 1, 192011, 2015, 100.00, 10.0),
(2015010105, 'WEB', 1, 192011, 2015, 100.00, 10.0),
(2015010105, 'ENG', 1, 122135, 2015, 95.00, 9.0),

(2015010106, 'BD', 1, 212131, 2015, 60.00, 4.0),
(2015010106, 'BD', 2, 212131, 2015, 65.00, 5.0),
(2015010106, 'POO', 1, 192011, 2015, 70.00, 6.0),
(2015010106, 'WEB', 1, 192011, 2015, 75.00, 7.0),
(2015010106, 'ENG', 1, 122135, 2015, 80.00, 8.0);